Name,Date of birth,Married,Phone,Salary
Emma White,1991-12-23,true,+19276152131,118383.24
Emma Lewis,2003-08-20,false,+447428532078,105560.13
Michael Martinez,2002-08-04,true,915-416-5839,33883.79
Michael White,1989-01-22,false,+612154369428,62126.16
Lisa Garcia,2002-05-12,true,+449790934199,63034.94
David Davis,2001-10-20,false,(285) 607-8299,67680.52
Robert Martin,1996-07-17,false,+3801083745360,54922.20
Matthew Johnson,1983-01-04,true,+449433714890,32241.58
Joshua White,1995-05-06,false,374-893-2615,55323.73
Sophia Clark,1984-01-18,true,+611666555458,103237.48
Joshua Wilson,1982-10-19,true,+491763109562,96606.40
James Jackson,1987-01-22,false,+619083571347,54762.82
Jane Johnson,2004-05-12,false,+446443662185,38513.71
Jane Taylor,1997-08-18,false,+611462983193,109836.35
Emma Clark,2004-12-16,false,311-107-8434,46649.32
Joshua Jackson,1975-07-20,false,+18562680817,101885.03
Daniel Johnson,1976-08-22,false,+614062867636,70463.03
William Jackson,1976-03-06,true,(910) 336-2188,99104.10
Lisa Anderson,1982-05-19,true,+12065115633,44967.30
Daniel Davis,2000-03-27,false,+614432467737,107253.68
Michael Lewis,1999-01-28,false,+446883547810,34125.66
Jane Davis,1996-04-01,true,+3801130144260,45987.84
Sarah Johnson,1999-06-24,true,+3809009534773,48732.40
Andrew Doe,1986-01-13,false,+443459478344,63974.72
Jennifer Thompson,1980-12-31,true,+3803067083463,84979.87
Emma Taylor,2004-04-05,true,+498284999225,78188.96
Anna Clark,1976-04-03,true,+3801886453185,62797.71
Laura Walker,1980-01-04,true,+3803051206978,44300.15
John Martinez,2000-07-05,false,+493984609797,88207.49
Olivia Brown,1994-12-21,false,+3807650012163,36345.78
Olivia Jackson,1987-04-24,false,+612981666878,73025.74
Michael Taylor,2000-10-12,false,703-847-8781,102017.64
Jane Smith,2003-03-12,true,+612140426783,33365.81
Matthew Harris,1999-09-15,false,+494601530904,39937.97
Daniel Davis,1996-04-25,true,+495019482819,112231.98
Lisa Johnson,1988-09-10,false,+16203533847,33270.03
Andrew Davis,1993-07-28,false,(950) 330-8083,109128.44
Emily Thompson,1981-08-25,true,+613023035317,52364.94
John Jackson,1995-08-06,false,+493456660833,30890.01
Robert Brown,1995-05-11,false,+448704179955,92936.89
David Thomas,2005-12-08,false,+492642104323,112231.45
Joshua Moore,1979-09-06,true,+497834528909,57145.72
Matthew White,1982-12-01,true,(142) 871-9909,31321.69
Chris Lewis,1986-05-15,true,992-619-5886,43834.35
Jane Thompson,2001-05-26,false,+442169250928,107752.77
Emma White,1987-07-17,true,+441679615028,39574.30
Robert Clark,1985-01-02,true,(893) 449-7405,30450.95
Emma Davis,1984-02-16,true,(392) 884-2239,77459.01
Michael Garcia,1983-08-31,true,+18691573783,35960.71
Emily Davis,1981-04-10,false,+18267966595,85937.49
Joshua Thomas,1984-06-22,true,+16173494273,50196.07
Daniel Brown,1991-10-11,false,+443649025317,108499.37
Sarah Davis,1997-06-14,false,+444239795995,38097.92
Emily Doe,1996-01-17,false,+449106834523,66619.58
Michael Davis,1981-07-23,false,224-237-2120,77482.08
Andrew Taylor,1991-10-12,false,+14821956210,63436.06
Emily Doe,2003-04-10,false,+19273352425,39386.52
James Garcia,1984-01-06,true,172-487-4218,40204.60
Emily Doe,1982-04-05,false,105-580-7313,89230.02
Laura Anderson,1990-03-30,true,+613210362379,43876.05
Daniel Jackson,1987-03-22,true,+497417499403,73127.11
Sarah Garcia,1979-05-27,true,(621) 391-3447,81064.13
John Smith,1986-11-10,false,+619981499311,42830.48
Emily Taylor,1990-01-05,false,(564) 960-7244,107377.98
Andrew Harris,1991-11-13,false,+13816920791,67879.64
Chris Lewis,2001-05-19,true,719-943-8021,72326.84
William Walker,1993-06-25,true,+448133072978,117590.08
Andrew Harris,2002-12-22,false,+616323394077,83971.50
Laura Walker,1975-02-11,true,(914) 496-4277,41642.52
Matthew Thompson,1987-01-21,false,226-163-3994,54106.76
David Smith,1981-08-10,false,+617623771667,36052.64
Robert Harris,1988-02-23,true,+3803376973213,100132.91
Matthew Davis,1991-11-23,false,(352) 204-9090,33204.90
David White,2004-05-09,true,382-376-4459,113348.81
Ava Thompson,2003-03-20,true,+618157743341,76702.95
Matthew Walker,1976-07-03,true,+11627497556,99138.03
James Moore,2004-12-01,false,+14493882688,35313.69
Jennifer Smith,1978-03-05,true,+611321738892,57504.54
Olivia Thomas,1984-01-25,false,+3809730141119,70113.34
Joshua Garcia,1979-09-01,false,+619314416780,101268.92
Jane Jackson,1975-06-14,false,200-351-7285,52460.24
Emma Martinez,1999-06-01,true,385-548-6270,39001.41
Lisa Harris,1996-09-24,true,880-278-8996,65325.93
Sophia Thompson,2001-02-05,false,+611467018910,100664.74
Emma Johnson,1983-05-18,false,+449860323008,100673.78
William Brown,1997-09-09,true,269-168-3130,59102.01
Robert Martin,1985-01-24,false,+15370961167,49234.00
Michael Doe,1978-08-13,false,+16364762854,72703.04
Ava Johnson,1998-07-02,false,+619185015388,47826.65
Lisa Lewis,2005-03-22,true,+3804538408695,42100.33
Ava Smith,1984-03-06,false,+616115955022,108143.48
Matthew Thompson,1983-01-24,false,+11628093039,86433.86
Sarah Jackson,1976-09-30,false,+11152631928,84582.06
Robert Anderson,1978-08-28,false,+447009932813,49647.36
Michael Johnson,1994-06-23,false,+619689101038,85264.34
Emily Thompson,1977-08-31,false,+499937082529,109584.04
John Smith,2000-06-28,false,(426) 533-4637,83393.75
Joshua Thomas,1999-04-28,false,+18177108493,73461.54
Laura Jackson,1986-05-03,true,790-610-8833,78087.36
Emma Martin,1983-01-20,true,+444239363193,41748.82
Sarah Johnson,1989-11-28,true,+447977423262,57930.37
Jennifer Clark,1998-10-15,false,+444910196084,53197.46
David Anderson,2000-07-27,true,399-640-8972,79051.69
Jennifer Martin,1990-07-24,false,461-666-9517,87812.34
Laura Thompson,1991-11-12,false,+3804996982443,99521.88
James Garcia,2003-01-30,false,+12648617969,87207.05
Chris Clark,2005-03-03,false,+3809720114341,32854.48
Jane Jackson,1992-09-07,true,+619947314975,92458.30
David Brown,1977-02-06,true,+444056517723,35438.37
Sarah Doe,1985-05-10,true,(506) 716-0518,83785.06
David Wilson,1989-01-28,false,+617892842689,42109.87
Lisa Moore,2003-08-05,false,+3804268041875,92270.87
Andrew Martinez,1999-01-31,false,+495528091416,32671.87
William Johnson,1984-11-13,true,+3801957578084,101957.44
Michael White,1976-10-05,true,+13295744450,31094.32
Emma Harris,1981-10-20,false,+3805923416591,87085.87
Andrew Garcia,1998-10-28,true,+443681954297,88586.73
Laura Johnson,1992-07-29,true,+441858814852,45947.88
Andrew Smith,1980-05-12,true,+491922068642,41935.31
Laura Anderson,1984-08-29,true,+443914899747,75766.30
Chris Brown,1991-06-20,true,(486) 735-4291,102416.87
Andrew Moore,1986-12-04,false,816-567-4535,68805.15
Joshua Wilson,2005-11-17,true,+3805906636084,99739.04
Ava Thomas,1996-07-15,true,+496987226603,57904.56
Daniel Garcia,1985-12-27,false,955-314-5106,60519.35
Sarah Garcia,1996-04-01,true,+449085120137,39895.50
Sophia Brown,1993-08-31,true,+492849635340,116378.95
Joshua Wilson,2000-03-04,true,+496151676440,73226.50
Jane Martinez,1989-07-25,false,+18857659806,67522.79
Joshua Lewis,1994-01-08,true,+619219742448,115850.98
Jane Doe,1986-08-17,true,+445130246418,46179.87
James Moore,1981-01-21,false,+444228147907,103724.29
Laura Martinez,1980-04-17,false,+611233610677,85700.09
Emily Clark,2004-06-09,true,+16979847578,103055.38
Laura Doe,1975-05-01,true,+447899033264,70483.16
Laura Martinez,1991-04-09,false,+611361789319,77659.90
Olivia Wilson,1990-01-16,true,+19024850472,60779.64
Sophia Jackson,1987-12-10,true,+3803637070419,35505.35
Sarah Jackson,1995-10-06,true,861-857-0864,48929.35
Sarah Brown,1993-11-14,false,(229) 495-7488,65573.24
Michael Johnson,1977-02-11,true,226-471-6169,78325.91
James Lewis,1994-06-09,false,+12033995056,57772.86
Sarah Jackson,1999-11-25,false,+499397785099,71631.04
David Anderson,1975-06-09,false,+449100913638,90399.67
James Moore,1996-09-16,true,+444112612369,113376.99
Sophia Davis,1981-05-08,true,427-836-4702,54033.53
Jane Doe,1996-05-24,true,+19529780959,39421.82
Laura Moore,2002-04-01,true,+14783603809,51205.77
Matthew Anderson,1990-06-16,false,+14972322227,105414.67
Lisa Taylor,1989-03-23,true,(663) 415-7798,48360.21
Jennifer Taylor,1987-12-19,false,+443200273097,87814.85
David Anderson,1996-01-29,false,(190) 997-0700,57361.52
Emily Thomas,1977-07-15,true,+612337016217,38468.21
James Johnson,1998-12-16,false,848-822-4896,72722.76
Jennifer Brown,1991-01-13,false,+3803679934321,65660.77
James Garcia,1995-01-19,false,+615388065260,44226.07
Emma Harris,1991-10-02,false,(512) 506-3313,85743.55
Daniel White,1983-07-17,false,+447984072185,74143.25
Lisa Thomas,1986-02-11,false,+18879009343,73144.10
Jane Lewis,2001-07-22,true,502-204-1836,43650.63
Jane Thomas,1984-05-07,false,+3808036650693,100315.71
Anna Martin,1982-08-19,false,+619172138776,87557.12
Andrew Johnson,1978-07-02,true,+496920490932,55743.19
Sophia Davis,1997-12-25,false,+492821566693,108402.63
Laura Davis,1996-07-12,false,+441132042687,117940.33
James Doe,1996-01-12,false,(369) 552-6820,74291.95
Robert Wilson,1983-08-27,true,+496763951639,106986.92
John Thomas,2004-12-06,true,(217) 330-9627,110467.55
Laura Doe,1990-10-22,true,+441425903462,116161.64
Chris Walker,1992-09-11,false,866-401-4333,91489.89
Matthew Moore,2005-03-22,false,+498748466290,67084.28
Daniel Lewis,1983-11-08,false,+611370706055,33936.87
Daniel Taylor,1992-07-04,false,+13405991149,72872.98
Sophia Anderson,1997-02-14,true,+15819770364,53605.55
Michael Thomas,2002-10-02,true,+494004137597,34540.71
Michael Martinez,1998-09-26,true,+446976214852,71586.30
Robert Smith,1998-11-27,false,+492626371551,65284.15
Jane Walker,1988-09-06,false,+12958871163,72010.55
William White,1989-09-27,false,+499014597466,104312.04
Robert White,1993-02-02,false,+447727967420,90321.63
William Walker,2005-07-04,false,375-475-6704,113851.71
Emma Thompson,1985-05-18,false,+448412052035,71976.86
Anna Harris,1998-11-22,true,+3806630503769,99553.56
Daniel Clark,1994-03-30,true,+494021823448,82212.94
James Garcia,1977-12-08,false,(363) 696-8804,54454.54
William Taylor,1976-11-12,true,502-889-5072,107902.51
David Doe,1981-05-03,true,+614160946902,96704.78
James Johnson,1992-02-20,true,+11145084010,36720.23
David Walker,1994-10-25,false,452-670-1074,54425.07
Emma Martin,1976-12-10,false,+615645330988,45806.25
James Thomas,2004-01-04,true,+3805083855683,90101.24
Andrew Brown,2002-02-02,false,+12510946534,91981.75
Jennifer Garcia,1985-02-08,false,+493902594353,55193.35
Daniel Smith,1991-09-18,false,228-577-0374,118622.07
Joshua Johnson,1996-08-01,true,+12216317870,114473.45
Sophia Davis,2005-03-01,false,+448288730566,71394.30
Olivia White,1996-07-11,true,+3806449505728,32634.52
Andrew Anderson,1975-06-10,false,924-073-9354,50518.15
Emma Martinez,1978-06-04,false,(439) 680-6444,119774.20
Joshua Harris,1981-03-11,false,+444323315585,73065.54
Ava Jackson,1981-02-03,true,(140) 476-8615,88251.03
John Garcia,1979-05-11,false,+16051665545,85069.54
John Johnson,2002-05-11,false,(556) 367-3488,119128.78
Jennifer Anderson,2003-10-29,false,+3802781470453,50274.97
Matthew Brown,1993-06-24,true,+499786815067,67376.43
Michael Davis,1994-03-21,true,+18051529676,102507.43
Sophia Doe,1994-12-29,true,+12863177602,62250.31
Emily Wilson,1984-11-01,false,(458) 123-6677,80948.51
Sarah Doe,1994-08-03,false,+614375011509,57147.79
Sophia Thomas,1996-12-09,true,+496649493817,73280.18
Jane Martin,2002-05-23,false,+3806321784073,75277.28
Joshua Anderson,1976-09-07,true,+612486748089,41890.89
Ava Thompson,1995-08-02,false,+19594991503,55979.85
Sarah Wilson,1994-07-02,true,+16940561136,36371.23
Jennifer Moore,1996-12-12,false,+619045738744,88056.02
Chris Davis,2005-08-21,false,850-025-4757,42631.99
John Thompson,1993-10-17,true,(709) 190-8953,111155.74
Olivia Martin,1981-02-01,false,+612885155698,32764.04
Michael Clark,1988-12-02,true,+493534128948,82496.81
Anna Thompson,1989-09-20,true,+442114076114,82876.51
William Harris,1988-10-09,false,+447632012531,66072.16
Chris Smith,1992-12-19,false,+446281917908,36617.33
Sarah Clark,1991-02-10,true,+442976284929,89815.71
Robert Johnson,2005-02-25,true,(588) 419-5706,113782.17
Emma Anderson,1994-08-24,true,+444824816494,32973.61
Matthew Taylor,1992-05-31,true,+615999748897,118033.33
David Thompson,1977-11-12,true,+13719610873,32638.62
William Martinez,1995-06-16,true,+448725734695,35010.22
Lisa Smith,1975-04-24,false,+498230827206,118255.69
Laura Johnson,2000-03-17,true,164-975-9779,71938.73
Jane Wilson,1992-05-23,false,828-942-8816,60492.86
Laura Davis,1996-05-26,true,+16330540880,81211.72
Robert Moore,2003-08-26,false,+616527988430,36645.42
Andrew Doe,1995-03-12,true,+496563100991,118644.35
Sophia Moore,1988-09-12,false,+496140477807,41816.27
Lisa Anderson,2004-06-04,true,502-862-5657,75532.84
William Jackson,1984-07-09,false,+18602548940,78084.47
Olivia White,1991-11-22,false,+445748349004,32424.00
Olivia Smith,1986-05-06,true,+614360641436,109126.60
Lisa Thomas,2002-04-21,false,+449875908616,51855.14
Michael Harris,1996-01-02,true,554-507-9000,42484.98
Laura Brown,1985-05-04,false,599-052-0513,94135.52
Lisa Harris,1989-09-13,true,+491025354911,37279.65
Emma Thomas,1986-06-25,false,(526) 069-2462,117719.90
Robert Garcia,1976-06-30,false,+498480706201,52008.47
Jennifer Thompson,2004-06-26,false,+3807307526167,99312.16
Jennifer Davis,1998-02-23,true,+17426114061,74909.81
Daniel Harris,1978-11-18,false,(658) 889-6914,71029.65
Chris Brown,1982-04-28,true,721-631-3246,52424.38
Emma Thomas,1993-09-05,true,+611030784961,46372.87
Anna Davis,1984-01-21,false,323-385-1883,103657.04
Olivia Thompson,2001-11-05,false,+15281500873,47090.97
Jennifer Doe,1991-12-30,false,(464) 144-6784,70514.21
Sophia Doe,1982-08-24,false,+446142148841,96187.57
Emma Clark,1998-11-25,true,250-415-6592,107947.47
Ava Doe,1983-09-08,false,+449161462902,52313.56
David Doe,2001-09-06,false,(717) 801-2632,100212.03
John Davis,2002-03-17,true,+3808135609515,63105.56
William Harris,1976-07-15,false,(621) 647-3752,81306.90
Michael Davis,1992-07-04,true,506-767-3586,68559.08
Matthew Smith,1988-08-29,false,(549) 128-4807,36874.54
Sophia Lewis,1982-11-17,true,+491701871284,82797.76
Jane Anderson,1979-10-27,false,+14870644229,49987.50
Emily Doe,1999-04-14,true,+444660337086,72151.19
Matthew Smith,1988-02-19,true,+13914538020,31886.46
Olivia Lewis,1990-05-21,false,+491131357665,87433.69
Lisa Wilson,1997-05-25,true,+12625002607,94420.27
William Davis,1989-12-16,true,+616074897940,98866.96
Emily Garcia,2002-12-03,false,+3801920907525,115221.22
Olivia White,1995-01-14,false,+3802353051811,91124.98
Ava Walker,1987-02-04,true,(997) 804-6244,105807.27
Emily Brown,2004-01-24,true,+442014739933,74482.25
John Moore,1990-10-14,true,252-865-1152,98030.43
Laura Davis,1990-04-25,false,+444527535019,119374.45
Robert Thomas,1997-01-10,false,+3807746650387,91029.71
Robert Martinez,1976-08-01,false,+442470397343,48539.90
Laura Johnson,1983-07-28,false,+499398568583,87381.01
Sarah Brown,2005-03-11,true,+11172486652,66503.11
John Thompson,2002-07-04,true,+497729125250,88617.79
Sophia Martin,1979-10-10,false,+3802436508844,113532.73
Emily Jackson,1990-09-30,true,+16554490494,96136.83
Daniel Jackson,1975-09-27,false,+618248686603,118507.51
Daniel Smith,1995-07-16,false,+449147478109,68604.28
Joshua White,1998-09-27,true,+12441575726,107496.21
David Doe,1982-01-02,true,+3801330178356,54296.35
Joshua Thompson,1978-10-22,true,994-643-2403,33042.18
Robert Davis,2003-03-31,true,204-375-2924,65650.93
Emily Walker,2005-06-08,false,+16230905172,56223.69
Sarah White,1983-07-11,true,+612088557820,68543.43
Ava Doe,1991-11-27,true,+492478954161,77997.15
William Doe,1992-07-22,true,143-171-5534,63190.65
Sophia Taylor,1991-11-11,false,+12635500824,50409.39
Lisa Clark,1989-12-16,true,+618692227143,65465.00
Joshua Brown,1984-10-14,true,+3802957671717,109222.91
Robert Thomas,1998-01-08,true,+611911862049,52133.28
Joshua Johnson,1985-09-10,true,915-654-6894,36327.89
Sarah Johnson,1984-06-04,false,(740) 264-5923,81018.69
Matthew Wilson,1993-01-08,true,+12068845877,109362.13
Lisa Davis,2001-06-07,true,(139) 626-8051,74233.49
William Brown,1988-02-18,false,+449070418347,37327.46
Daniel Thomas,1996-12-12,true,+444503749700,36335.79
Emma Garcia,1996-03-06,true,(423) 298-2371,50398.56
Jennifer Johnson,1980-01-31,false,209-014-1844,109333.27
Jane Martinez,1987-08-02,false,+3806758207293,113405.24
James Harris,1976-10-29,true,+615166356177,47901.10
Laura Davis,2001-04-20,false,+618469699175,64039.88
Sophia Taylor,2004-05-04,true,361-868-6715,73790.53
David Thomas,1997-09-28,false,654-352-4501,105727.59
Jennifer Jackson,1986-04-22,true,+15046855208,67276.58
Lisa Jackson,2002-07-27,false,+3805406354040,71449.90
Jennifer Garcia,2005-06-10,true,(271) 882-3978,114379.36
Olivia Smith,1980-06-23,false,688-335-3716,77340.46
James Anderson,1978-07-27,true,886-222-8461,59291.71
Chris Taylor,1990-10-06,false,+3807581402452,78736.07
Sarah Taylor,1992-04-03,true,+13122881686,84551.95
Laura Brown,1981-10-31,false,+618725937932,61749.02
John Harris,1976-09-07,true,+3809898705228,74231.78
Lisa Smith,1987-08-21,false,+614466027877,50211.35
Jennifer Harris,1991-09-24,false,+3806388486087,70348.10
Daniel Smith,1993-08-25,false,669-715-1828,55608.73
Daniel Lewis,1999-10-22,false,+447061617738,68884.66
Andrew Garcia,2004-11-29,true,+617534570119,119817.59
James Harris,1998-07-25,false,+3804429044119,74679.04
James Thompson,1978-04-23,false,+18236252326,83101.38
Sarah Martinez,1995-02-20,true,+615169272584,38812.77
Emily Martinez,1990-12-16,false,+616402209552,85659.10
William Wilson,1982-03-31,true,+441139481948,92371.70
Sophia Walker,1999-01-11,false,+3805106463541,98725.98
Laura Moore,1999-07-11,false,+616901061896,44741.49
Laura Wilson,2004-05-16,false,(709) 969-6769,76831.01
William Taylor,1993-11-03,false,321-722-1380,37519.33
Michael Clark,1985-03-21,true,+445915906726,54632.49
Joshua Davis,1980-02-25,false,+19099836156,118768.34
Daniel Thomas,1979-07-14,false,153-155-0123,118748.42
Lisa White,1984-08-18,true,+449207086818,109813.61
Emily Brown,1990-04-18,false,(281) 245-9187,40806.97
Sarah Clark,1975-01-07,false,(785) 055-4877,78526.29
Jennifer White,2002-07-13,true,665-809-3077,73146.14
Joshua Garcia,2002-06-24,false,+13962846926,105797.84
Robert White,1978-05-24,false,+19569077020,30135.13
David Jackson,1975-01-26,false,+614416979457,64315.64
Daniel Thompson,1975-12-07,false,+19632323266,64234.21
Emily Brown,1997-06-26,false,(302) 033-4420,111246.84
Emily Smith,1978-09-28,false,+15196036297,110033.19
William Martinez,1993-08-16,false,(703) 050-7662,79994.26
Sarah Walker,1987-03-30,false,957-455-6306,46214.93
Laura Brown,1997-08-22,true,162-525-5738,30187.96
Emily Smith,2004-10-29,false,+613024779282,58336.90
Ava Harris,1980-04-16,true,+3802702633200,85659.91
James White,1986-03-03,false,+618923463219,72648.14
Emma White,1991-05-05,false,661-006-7649,112823.56
Emily Thomas,1998-12-11,false,+492995785920,95892.19
Sarah Martin,1987-04-22,true,+445998425158,82228.79
Matthew Doe,1992-03-03,false,+15712965905,48297.66
Laura Jackson,2000-07-16,true,875-094-0954,31108.13
Matthew Thompson,1986-04-21,true,+3801079871731,76643.24
Jane Brown,1985-03-01,true,(826) 691-3649,43800.18
James Garcia,2002-01-06,true,(321) 074-9384,89848.34
Jane Taylor,1997-02-26,true,+15579078776,113095.00
John Moore,1980-07-25,true,+17769065115,39072.34
Daniel Lewis,2005-03-13,false,644-610-4441,81065.11
Emily Taylor,1990-01-28,false,+612655125621,93125.22
Michael Wilson,1996-06-14,true,+441791549779,62124.13
William Clark,1999-01-15,true,(565) 689-5174,54322.85
Joshua Davis,2001-02-25,false,(600) 174-9297,81896.61
Robert Martinez,1976-04-01,false,+448076961310,76917.23
John Wilson,2000-11-19,true,226-036-1150,40186.08
Joshua Walker,1991-01-17,false,+3805160156559,106960.52
Chris Brown,1988-07-12,true,+619224319236,60955.76
Andrew Lewis,1990-03-09,true,+3802491848010,118330.54
Joshua Davis,1996-03-26,false,(114) 665-1305,50033.32
James Johnson,1984-08-20,false,+614179388450,57244.73
Emma Lewis,1987-10-28,true,+618649700480,116145.14
Andrew Clark,1996-03-24,false,+3801729935213,102771.81
Laura Davis,1985-10-21,false,+491142449036,104359.67
Emily Clark,1991-06-25,true,+615221510456,61016.19
Joshua Wilson,2002-09-19,false,+441988126044,78977.11
Sophia Smith,1977-01-27,false,+442194102482,33246.78
John Davis,1976-09-21,true,+494958850866,84279.34
David Moore,2005-05-05,true,+611568250110,80224.61
Laura Smith,1983-11-19,false,+616752405715,59545.03
Ava Martinez,1984-03-24,false,+446402125926,33736.67
Sarah Harris,1999-10-24,false,(965) 280-4824,52944.30
Andrew Harris,1988-02-12,false,+495295661169,77058.74
Olivia Johnson,1985-11-09,true,+18772784852,101037.86
Daniel Brown,1976-02-04,false,+611909086071,80063.95
Andrew Smith,1976-07-23,false,+617071518538,39812.62
Robert Johnson,1994-09-14,true,+445772046723,110330.33
William Lewis,1977-01-12,true,+614012436660,91757.86
Jennifer Wilson,1994-01-15,true,681-671-1499,46351.49
Robert Davis,1986-03-27,true,+491393322965,38642.94
Ava Smith,2000-06-28,false,+443159109718,85995.33
Ava Johnson,1990-09-08,true,+3805716982144,105402.79
Joshua Garcia,2003-10-29,true,+3802207897339,30247.65
Sophia Anderson,1984-12-16,true,+618473705135,51329.18
Lisa Doe,2004-04-03,true,737-098-6548,36133.06
Ava Smith,1999-03-26,true,+611794067961,63503.49
Robert Doe,1988-09-29,false,(883) 705-3121,72418.92
Emily Garcia,1991-06-17,false,+613693640855,88733.41
Andrew Clark,1982-01-21,false,410-185-6275,63737.83
Daniel Garcia,1994-07-11,false,+18640042480,42373.13
Matthew Clark,1978-05-24,false,+441731249801,110949.75
Joshua Anderson,2005-06-19,false,+616969053399,103296.18
Jennifer Clark,1986-03-20,false,+495566254018,106930.96
Sophia Anderson,1984-12-13,false,+449372359306,115486.33
Olivia Martin,1987-05-28,true,479-486-4480,102849.86
Jennifer Smith,1976-06-10,false,(566) 934-7773,116761.48
Laura Thompson,1976-04-22,false,+498225344602,31787.82
Laura Smith,1989-03-06,true,+19113587448,80894.42
Jennifer Wilson,1987-05-23,false,+3808682702194,30906.12
Andrew Harris,1985-09-09,false,+442151292487,76842.48
Sarah Walker,1980-08-19,false,+448056485710,99889.74
Daniel Moore,1989-03-07,true,+611973211226,41515.36
Ava Jackson,1996-11-29,true,+498148580445,41535.29
Michael Brown,1977-08-05,false,+614270497802,93338.60
Matthew Moore,1999-07-13,true,(595) 988-8691,110344.40
Laura Anderson,2001-11-24,true,+497995968729,71317.90
John Thomas,1993-01-09,false,+12396476744,46223.64
Laura Garcia,1982-09-25,false,+3806596353645,92831.11
Jane Smith,1986-10-19,true,(546) 965-3914,95316.17
John Lewis,1998-12-03,false,+11781882586,104256.51
Jane Clark,1982-04-15,false,+615633221997,35925.12
Olivia Davis,1993-10-01,true,+443093960340,45115.04
Anna Brown,1987-05-18,true,+11261990654,91696.54
William Lewis,1976-01-03,true,298-005-6706,113562.02
William Taylor,2001-12-14,true,+3803351022320,92840.87
Ava Davis,1975-08-27,false,+496207299862,59148.70
Joshua Harris,1988-10-31,true,+492875581739,39894.13
Chris Doe,1994-01-21,false,+442549004536,56525.79
Olivia Martinez,1984-05-08,true,+443911788214,39246.79
Olivia Garcia,2000-08-11,false,+444711319721,70597.76
Lisa Thompson,1999-11-15,false,(379) 111-5300,112488.31
Olivia Harris,1980-11-26,false,+496007055962,101628.12
Ava Garcia,1980-06-07,true,+3805002252074,75397.23
Robert Harris,1993-08-25,false,+3804747991412,31220.68
Robert Garcia,2004-02-10,false,+495655532009,111669.80
Chris Harris,1991-05-30,true,+447141706161,85401.70
Matthew Martin,1987-05-15,true,104-887-7182,55954.95
Robert Martinez,1994-08-18,true,+495840118772,36196.33
David White,1982-09-27,false,+618927806428,73927.21
Daniel Taylor,2003-12-07,true,134-736-2816,39735.97
Emily Brown,1985-12-24,true,885-927-2078,119110.11
Robert Thomas,1980-09-27,true,159-384-6344,57575.18
Laura Smith,1985-07-02,false,(241) 862-1760,77614.23
John Lewis,1976-01-09,true,+613684543962,67096.01
Michael Martin,2001-03-07,true,+614858101675,54374.48
Olivia Martinez,1975-04-08,true,+446545489181,82217.52
Jennifer Brown,1982-12-09,true,+445105906151,34387.40
Chris Doe,1997-08-24,false,+3806859258447,77214.93
Lisa Moore,1989-04-15,true,+611970701897,118657.72
Daniel Thomas,1998-10-15,false,+613118873698,52945.23
Andrew Clark,1994-09-05,false,+12557826278,94906.42
Ava Smith,1998-06-17,false,+499723885002,92673.94
Laura Lewis,1984-12-08,true,+441772391707,61732.25
Ava Martin,1975-03-20,false,329-864-0368,81653.09
Chris Thompson,1984-09-20,true,+613963847917,76071.76
Laura Wilson,1986-07-05,false,+14237198674,78186.75
Anna Thompson,1999-04-10,false,+492842586210,81923.48
James Thomas,1980-09-07,false,+499012631272,68842.16
Chris White,1986-05-12,false,(604) 140-1087,71513.14
Emma Wilson,1975-09-06,true,+13085549729,45422.13
William Thompson,1986-05-17,false,+442535989268,84338.30
Jane Clark,1985-03-31,false,+617717424242,98180.20
Sarah Wilson,1985-12-03,false,+12730232236,84130.52
Laura Anderson,1996-11-30,true,+493786333247,59902.57
Emma Martin,2002-09-22,true,+494359215672,84801.41
Matthew Moore,1977-11-16,true,(574) 608-8841,62128.77
Sarah Harris,1990-10-02,false,+11758554755,42489.67
Emma Brown,1977-10-27,false,+446377332242,119927.80
Jane White,1991-06-23,false,421-706-4389,119518.53
Chris Lewis,1994-12-11,false,(930) 579-9220,36928.96
Ava White,1998-09-11,false,+3805901973526,78531.82
Ava Wilson,2000-09-29,true,+3802521223247,70746.75
Jennifer Harris,1978-09-09,true,+3805157420173,105327.84
Robert Martinez,1997-05-02,true,+443294304592,86498.60
Matthew Lewis,1982-08-24,true,+492733975704,103372.61
Chris Harris,1984-06-18,false,+615129741391,31650.46
John Martin,1982-06-13,false,+443663445653,104457.33
Jane Martin,1989-03-17,true,+13618583031,30771.49
Joshua Smith,1986-05-06,true,+17764825667,105974.52
Robert Martinez,2004-01-04,false,+448007093941,66415.73
Jennifer Smith,2005-06-20,true,+496492915169,115950.37
Sophia Martin,1992-03-28,false,+3804897084924,81537.90
Daniel Davis,1992-01-19,true,(148) 772-4469,67668.88
Michael Moore,1978-12-13,false,+449323011211,89811.15
John Davis,2002-04-19,true,(146) 742-8904,59528.59
Chris Harris,1980-02-18,false,(268) 610-6686,97964.10
John Martin,2001-04-05,true,900-642-9866,36783.69
Olivia Moore,1985-06-09,true,+447650557247,63499.93
Emily Johnson,1983-01-19,false,+497664290008,49831.84
James Smith,1992-11-21,true,189-040-0400,114717.94
David Johnson,2003-06-30,false,+14436008562,119884.76
Matthew Smith,2005-12-08,false,+445583227896,51083.47
Daniel Walker,2004-04-01,true,(977) 649-7430,85628.94
John Harris,1994-07-05,true,203-296-9207,86568.76
Ava Garcia,2002-10-19,true,+3802239953455,97553.03
Ava Thompson,1977-02-13,false,691-638-0189,72675.44
Sarah Smith,1982-06-19,false,+448586728079,66636.50
Michael Wilson,1986-04-18,false,865-076-9513,86367.29
James Brown,1986-08-31,true,+497950903274,44780.82
Anna Lewis,1993-08-21,true,+3806307307574,39078.16
Sarah Garcia,1993-03-16,false,+14399588078,37801.99
Andrew Clark,2002-04-18,true,+611060128111,82697.89
Ava Davis,1990-06-02,false,+444537591401,70899.01
Jane Johnson,2000-07-22,false,(196) 774-2934,90266.61
Joshua Thompson,1995-08-16,false,+496947730964,108978.26
Emma Clark,1979-10-07,false,(891) 473-3033,44255.59
Daniel Thomas,1983-09-17,true,+617860490497,89176.96
Andrew Johnson,1976-12-02,true,+491039223589,80848.24
William Lewis,2001-03-09,false,+12601408303,78623.03
Jennifer Clark,1982-11-26,false,+442343795602,68596.09
Laura Davis,1993-06-17,true,+442061916684,85575.55
Andrew Clark,2000-05-16,true,531-464-1172,37229.23
Jane Garcia,1978-04-02,false,+618347813747,43046.85
David Wilson,1986-04-26,true,(531) 999-7486,70778.56
Jane Taylor,1976-07-01,false,+3802289595478,87982.76
Jennifer Doe,1993-06-12,false,+3808937819621,104089.35
Lisa Davis,1996-08-17,true,+3801434885721,103140.79
Jennifer Garcia,1977-04-08,true,+13401836247,59871.22
Jennifer Anderson,1991-10-16,true,+443023872630,44423.85
Joshua Brown,1995-08-07,true,(717) 567-5641,64727.82
Chris Brown,2002-05-07,false,+495549954354,91973.67
John White,1983-01-09,false,+11287567819,31440.14
Sophia Thompson,1983-05-15,true,+12117923281,75440.60
Anna Martinez,1999-09-26,false,+496988418082,52798.77
Jennifer Doe,1996-02-01,false,+3808805378884,87650.31
William Davis,2005-04-27,true,+18973353498,33291.84
David Harris,1998-09-10,true,+15543748774,67719.67
Lisa Garcia,1987-09-26,false,+492549934528,31277.91
Sarah Harris,1980-05-07,true,393-496-5911,96316.95
Anna Walker,1978-06-03,true,(201) 975-1963,56584.08
Emma White,1995-09-14,false,+617952195353,109369.97
Andrew Harris,1997-04-13,true,(547) 428-2571,81035.68
Emma White,1976-07-11,true,891-315-9720,114059.98
Daniel Lewis,1998-05-26,false,+494587328048,99067.01
James Harris,1984-06-17,true,+15995208684,92759.83
Matthew Smith,1978-08-03,false,+14923302459,93058.61
James Martinez,1982-07-19,true,+442364088236,77372.54
Robert Walker,1992-06-17,false,451-792-0488,65260.62
John Smith,1998-11-17,false,713-512-6673,86248.51
Jane Brown,1976-05-26,true,858-627-1531,102532.59
Lisa Anderson,2005-11-23,false,670-574-9581,50464.02
Sarah Walker,1996-12-02,false,+3803773868014,115215.36
Andrew Jackson,1992-02-19,false,(728) 599-0674,54361.76
Anna White,1995-02-20,true,654-857-4648,62705.38
William Davis,1975-04-30,true,+3802810836457,112638.17
Anna Anderson,1984-02-09,true,+3802766851854,32794.77
James Taylor,2002-07-14,true,+13063193035,115580.51
William Davis,1998-05-22,false,757-146-9522,44737.71
Robert Moore,2000-05-04,false,517-590-9632,56290.84
Emma Thomas,1990-11-03,false,+18224551993,33941.37
John Johnson,1985-11-24,false,+496735743168,36569.15
Ava Smith,1981-05-27,true,443-303-2897,62668.64
Daniel Taylor,2001-10-09,true,+498928802461,48427.44
Robert Martinez,1987-11-11,false,(575) 419-6745,49870.34
Laura Harris,1976-03-12,false,+13105897799,84693.54
James Smith,1982-06-10,false,(723) 550-4083,33352.87
John Thomas,1981-12-16,false,(136) 322-4096,85333.71
John Jackson,2005-05-07,true,724-112-2152,62189.99
Sophia Martin,2004-07-21,false,+616352531286,80398.34
Anna Anderson,2004-11-03,true,+492623729986,54873.94
Ava Lewis,1983-06-01,true,+618942953234,91280.44
John Davis,2002-03-07,true,+493134476211,73292.73
Robert Davis,1998-08-01,true,+619804262688,70687.67
Daniel Taylor,1983-05-24,false,+3807749113423,71372.34
Jane Martin,1979-02-18,true,+445577778018,67374.32
Joshua Jackson,1980-10-24,true,+446490331057,100724.98
James Martin,2002-07-14,true,+443134034849,99580.08
Emily Lewis,1994-08-31,true,438-327-9672,71427.39
Anna Moore,2005-04-06,true,+448263596546,117527.90
Sarah Smith,1989-03-04,true,+443334013115,34903.55
Jane Johnson,1981-01-28,true,329-899-6339,43545.08
William Wilson,1996-11-11,false,+441873457653,59422.38
Anna Davis,2005-04-22,true,+13861573255,118859.36
Daniel Martin,1984-08-16,false,+13313395117,30713.96
Emma Jackson,1977-01-19,true,862-748-1466,32666.78
Daniel Garcia,1975-04-12,false,+491105282666,110334.47
Emily Lewis,1996-01-08,false,+14483757821,85539.82
Emily White,1984-06-13,false,+449278382202,60188.36
Lisa Martinez,1995-02-13,false,606-482-1143,77477.62
Emma Martinez,2000-07-24,false,+447612435681,32724.83
Jane Taylor,1992-07-06,false,+493234511473,97436.53
Andrew Wilson,1976-02-18,true,+444306024898,52852.19
Olivia Martin,1982-09-16,true,970-842-6806,112591.35
Olivia Garcia,2003-06-27,true,791-400-9245,101061.21
Chris Doe,1994-06-06,false,+11831585316,62718.27
Lisa Clark,1980-07-03,true,+13979766117,66759.69
Andrew Brown,2002-05-11,false,+3801205371191,76093.50
Robert Johnson,1984-07-20,false,+3802261049725,76675.44
Anna Davis,1976-10-31,false,+497794798889,59256.93
Sophia Thompson,1985-07-23,true,+614710947559,60280.63
Anna Taylor,2003-02-05,false,+19331270836,106259.22
Jennifer Anderson,1983-04-10,true,+448944795695,95919.09
Joshua White,1995-10-13,false,(538) 409-4830,95835.58
David Garcia,2001-06-09,false,166-185-9118,71391.80
Andrew Walker,1978-08-18,false,+3806372281757,113338.59
Jane Jackson,1992-04-28,false,+617153649663,34359.71
Matthew Jackson,1986-02-14,false,+444070203971,43424.06
Joshua Moore,1991-08-19,false,313-752-7699,40831.10
Chris Taylor,2003-07-29,false,+3802096191092,117604.52
Emily Brown,1982-11-07,false,+619186595907,98170.22
Sophia Brown,2001-04-27,true,(944) 474-0017,55043.90
Daniel Garcia,1992-02-18,true,+18240034236,96281.34
Michael White,1987-12-13,false,599-910-3584,50986.00
Robert Jackson,1977-11-06,false,+443931218259,55257.15
Emma Clark,1992-07-09,false,+493216894883,98226.15
David Martinez,1983-02-12,true,+445432514676,74883.70
Emma Brown,2004-12-31,true,410-508-8631,45599.52
William Lewis,2004-08-08,false,+16071092356,83365.75
Sophia White,1997-07-05,true,665-058-3329,86723.03
Chris Brown,1978-09-21,true,194-142-8458,70129.44
Laura Martin,1992-09-15,true,+449349729474,112314.03
Robert Smith,1986-06-29,true,+12095399761,100164.63
Laura White,1992-10-31,false,+499014341653,110022.81
Daniel Garcia,1975-11-30,true,+449155984176,56963.70
Matthew Jackson,1981-04-09,false,+3803891019138,53033.41
William Wilson,2000-12-04,false,(173) 546-0314,40701.70
Daniel Wilson,2002-08-29,false,+493438828733,107099.08
Emily Lewis,2002-09-27,false,(537) 037-1772,57388.56
James Garcia,1997-02-05,false,+15629116024,85491.27
Laura Martinez,1978-11-21,true,+3805222982266,60984.37
Jennifer Thompson,1987-03-23,true,+615155978897,88128.98
John Lewis,1997-11-23,true,+449768310896,115576.50
David White,2005-07-25,false,593-397-7216,33184.37
David Davis,1990-01-27,false,+615754300676,79560.78
Laura Martin,2004-04-10,false,+445432161073,65745.73
Robert Thomas,1979-09-01,false,+16312845066,39778.15
Robert Jackson,1999-07-10,true,337-439-8712,75971.64
Sophia Thomas,2004-02-18,false,+446327562396,107586.25
William Lewis,1983-11-22,false,+444672883669,102253.42
Emily Martin,1981-08-02,false,783-649-3233,31531.78
David White,1997-12-15,false,(726) 865-6279,115215.39
William Taylor,2004-10-19,true,+448587675331,56982.02
Laura Anderson,1996-06-01,true,+499120609204,87324.02
Matthew Martinez,1989-05-10,true,(794) 585-5798,83335.89
Ava Smith,1979-04-11,false,+618020330488,35392.06
James Anderson,2003-07-14,true,(982) 546-3719,76416.34
Sarah Clark,2003-11-02,false,+13253824666,62781.82
Chris Martinez,1992-11-08,true,+619809209149,81581.99
Robert Jackson,1985-10-13,false,+17610090560,31788.34
David Anderson,1996-07-28,true,+613591087742,56419.69
Michael Thomas,1975-08-12,true,+491825430246,48730.86
Sarah Johnson,1977-06-03,false,+12932705426,92498.22
Emma Moore,1977-04-04,false,+3808765444210,32013.99
Sarah Taylor,2003-10-09,true,277-263-1902,78774.80
James Walker,2004-04-08,false,(169) 128-9388,52880.42
Anna Smith,1983-09-05,false,+496257438242,118100.51
Matthew Doe,1996-06-25,false,354-426-2011,81121.97
Andrew Garcia,2000-01-06,false,+619921981681,114734.77
David Jackson,1999-08-14,false,(866) 623-6443,81602.15
Andrew Anderson,1982-06-11,true,+616753185576,81367.75
Michael Martinez,2002-05-13,false,+3801749926695,64974.06
Sophia Brown,2001-11-26,true,819-972-3219,79604.68
Chris White,1980-03-02,true,+18314414472,30447.79
Sarah Lewis,1999-05-05,true,+3809267689066,97539.98
Jennifer Taylor,1995-09-13,true,+3807713994178,65420.74
Sarah White,1998-06-13,false,+11304663192,32190.17
John White,1987-02-14,true,+444007501389,58963.86
Michael Doe,2002-03-11,false,(894) 588-5559,95109.05
William Garcia,2002-11-30,true,945-352-8662,89294.61
Emma Martin,1990-03-07,false,+13976004582,106267.52
Daniel Smith,1989-02-23,true,+15811109762,58591.17
Ava Clark,1998-03-16,true,+447529803472,91489.91
James White,1987-06-08,true,436-256-1428,75484.63
Jennifer Davis,1980-02-22,false,+442930504777,46137.12
Jane Harris,1982-01-30,false,+619545225870,44676.25
Joshua White,1994-09-05,true,(815) 478-6240,78532.07
Robert Moore,1985-09-19,false,587-691-1025,63297.98
Sarah Harris,1992-05-03,true,(652) 645-1916,63070.01
Daniel Taylor,2000-01-29,false,+614454148226,65090.64
Robert Doe,2004-01-30,false,+494691107080,42617.29
William Harris,1975-12-09,false,+3803825205372,81389.41
Daniel White,1994-05-18,true,257-662-7646,110214.89
Robert Smith,1977-04-30,false,+14274034914,115737.81
Sarah Brown,1996-05-01,false,+492829758822,33064.95
Lisa Smith,2000-02-22,false,+446758320440,105391.44
Jennifer Davis,1989-06-06,false,(696) 165-8157,106245.40
James Johnson,1991-06-01,false,+612508053772,53840.92
Jennifer Walker,1994-10-16,false,+13910346074,92838.67
Sophia Jackson,1975-04-08,true,+3801310199595,83103.49
Emily Davis,2003-06-07,false,+18454681790,101383.76
Anna Brown,1990-08-29,true,+448837919791,82283.28
Lisa Wilson,1983-06-30,true,+617769042830,44567.76
Robert Harris,2004-12-13,true,(981) 479-4697,83340.79
David Jackson,1995-01-26,false,+492543915313,98519.59
Michael Doe,1979-05-05,false,+495441225855,41412.58
Daniel Garcia,1995-06-02,false,+3807124089585,99106.71
Michael Harris,1977-06-09,true,+496843449246,117192.47
Laura Doe,2000-11-17,true,(625) 970-9120,55226.45
Andrew Clark,2004-11-06,true,+447215227931,101290.23
Lisa Garcia,1995-12-17,true,+11886434450,72595.44
Laura Wilson,1997-11-10,true,652-008-1948,59048.73
Sophia Moore,1988-09-15,true,+3801236242094,118151.23
Sophia Martin,2003-09-01,false,+12785230975,72227.14
Chris Smith,1982-08-07,false,(503) 494-7777,118311.11
James Martin,2004-11-25,true,+11172539486,103220.65
Andrew Taylor,1998-12-24,true,+492310032858,89606.57
Michael Anderson,1975-07-03,true,520-362-3938,40529.20
John White,1996-11-22,true,(931) 905-2051,81334.51
Anna Doe,2003-08-25,true,156-604-7148,77034.35
James Johnson,1977-06-27,true,+16986031379,98450.77
Matthew Smith,2003-09-20,false,989-813-5548,42250.72
Matthew Harris,1977-06-13,true,+442619940042,117798.13
William Wilson,1987-11-23,false,+499278231267,40279.89
Emily Walker,2002-06-21,true,+3806363134723,90806.46
Sophia Anderson,1997-04-24,false,+16945168716,114711.76
Chris Martinez,1995-09-21,false,+3802557542134,50888.01
Sarah Smith,1989-03-30,false,+612014788157,70788.80
Lisa Thompson,1987-10-16,false,+499084717875,52073.89
Michael Wilson,1983-04-04,false,+618308951953,32410.27
Sarah Lewis,1977-10-23,true,+491481951437,111832.32
Chris Moore,1979-12-13,false,+445193839741,108605.79
Laura Smith,1984-06-16,false,+3805961841569,113637.69
Chris Anderson,1996-04-29,true,+3806477506552,61139.67
William Lewis,1990-06-06,false,(569) 239-4361,103020.69
Jennifer Taylor,1988-05-31,false,754-409-5996,66572.61
Jane Garcia,1981-12-26,false,+491965916218,74187.10
John Taylor,1996-06-17,false,+17075730554,32750.45
Olivia Taylor,1984-04-21,true,+441559937717,45075.33
John Anderson,1995-05-31,true,+14623560591,73734.44
Robert Taylor,1978-08-08,false,+491585178435,35395.33
Lisa Wilson,1990-05-21,false,490-898-5445,70169.11
Robert Thomas,1981-05-03,true,893-212-9143,79177.96
Anna Thomas,1981-12-30,true,+611818586075,39844.13
David Brown,2005-08-11,false,+3808020366157,33766.26
Lisa Harris,1985-09-25,true,(814) 298-6924,36022.90
Sarah White,2003-10-10,true,+443965737865,87239.32
Lisa Taylor,2002-05-04,true,+3807857131105,59906.82
Joshua Smith,1984-10-01,true,+496665494694,78476.25
Emma White,2004-12-30,true,(490) 568-3205,55054.35
Daniel Wilson,1993-09-04,true,393-884-3870,47943.76
Daniel Garcia,1979-04-16,true,+17882451994,95078.38
Jennifer Jackson,1985-09-05,true,+611143459399,56599.59
Olivia Martinez,1983-04-18,false,+495104434431,31173.66
Sarah Doe,2002-04-16,false,496-009-7505,44527.81
Laura Martinez,1985-12-18,false,(932) 226-3577,102254.05
Lisa Lewis,1986-03-25,true,+494434031559,34364.34
Olivia Martin,1995-02-02,true,869-035-7674,34662.54
Robert Taylor,1993-06-03,true,+3802823361450,57065.95
Jennifer Smith,1986-05-20,true,(885) 976-6274,37589.19
Olivia Brown,1997-10-31,false,+12862559396,65563.82
David Anderson,1987-08-19,false,+496814268009,76937.29
Joshua Anderson,2003-11-20,false,+445227056227,71914.97
John Walker,1996-07-17,false,+612015800213,88348.93
Laura Thomas,2001-12-19,false,+616942481128,105602.51
Emily Martinez,1988-08-20,true,+3808527741010,66586.08
Olivia Clark,1986-07-25,true,+449788045192,57802.43
Ava White,1991-10-27,true,+614571642025,59293.86
Jennifer Smith,1988-05-03,true,+614707191157,111319.78
Lisa White,1988-01-15,true,+18969220671,91253.90
William Thompson,2001-06-05,true,(777) 732-3171,46266.66
Lisa Doe,1979-10-15,true,+16177488260,81275.68
Sarah Clark,1981-09-06,true,+494439939147,42820.76
Chris Wilson,1976-10-09,false,+3804787357324,84721.52
Michael Garcia,1997-03-04,true,+3809114907957,40686.09
Olivia Lewis,2001-07-08,false,(857) 518-9335,67774.31
Sophia Brown,1982-12-29,false,176-397-2662,45230.02
Sarah Taylor,2000-02-11,false,+13994221287,109003.36
Laura Garcia,1976-06-22,false,+619028401110,119827.90
Andrew Anderson,1975-05-21,false,+613053186524,67946.81
Daniel Martinez,2003-07-30,false,+616284076197,82287.84
Sarah Clark,1988-02-12,false,+18943112345,35617.25
John Lewis,1992-04-10,false,201-238-8786,35175.99
Daniel Thomas,2002-05-04,false,+3803269763166,51687.79
Chris Johnson,1993-02-07,true,+18560013177,109434.85
James Anderson,1996-03-12,false,535-064-3785,89060.46
Matthew Martin,1994-01-01,false,606-431-7745,80279.12
Jane Lewis,1979-09-28,false,232-055-9872,32975.21
Jane Clark,2002-12-02,false,+3809362819595,50996.70
Robert Martinez,2005-04-28,true,+12810101559,87898.26
Robert Martinez,1989-12-11,false,+617324822619,87107.55
Daniel Walker,1997-01-01,false,+613066719596,83971.96
Jane Martin,1984-10-01,false,+15696656009,111305.30
Robert White,1988-10-21,true,+447327671797,37995.62
David Thomas,1985-05-16,true,+497839236588,35309.54
Anna Davis,1980-08-01,false,+12411514868,40348.64
Jennifer Thompson,1976-02-12,false,+619871662159,72777.27
Jane Thomas,1985-01-05,true,+3808560546939,82896.37
Michael Lewis,1982-06-20,true,343-058-9499,38902.05
Joshua Jackson,2003-02-24,true,+13580466180,52574.57
Olivia Moore,1989-06-08,false,(880) 685-4248,115036.29
Emma Clark,1980-07-13,true,+448989375974,47013.62
Anna Walker,2001-07-11,true,+444254931814,95395.59
Jennifer Walker,1997-12-28,false,+442179878746,32636.88
Robert White,1994-02-07,false,+446320218503,117550.63
David Thompson,1983-07-17,false,+441990677983,106051.19
Emma Taylor,2000-03-04,true,(958) 892-1688,49120.76
Laura Walker,1994-09-30,true,139-010-9403,52512.83
Ava Anderson,1998-11-28,false,+495181280048,70341.64
James White,2000-04-06,false,+615253680712,32338.79
Andrew White,1982-10-05,true,+11427285808,79876.34
Chris Taylor,1975-03-04,false,+615094011580,47903.19
William Taylor,1986-11-04,false,(366) 302-8549,95280.07
Ava Thompson,1986-08-24,false,+448228141569,51206.94
Chris Walker,1979-06-30,false,646-050-3942,98465.21
Olivia Taylor,1987-02-04,false,(560) 889-6785,99369.76
Jane Johnson,1993-01-16,true,(351) 202-2223,89279.02
Daniel Doe,1993-04-05,true,230-537-6935,32181.11
Jane Martinez,2002-01-12,false,530-259-9174,97938.42
Michael Brown,1978-08-04,false,+3804283353979,58059.82
William Moore,1996-01-15,false,(816) 302-9370,99520.13
William Davis,1981-09-01,true,(436) 064-1294,41545.96
Emma Wilson,1982-12-10,true,+3807907965169,100230.36
Anna Davis,1984-04-24,true,+498698669892,105112.60
Anna Jackson,1992-06-01,false,+612824950870,58256.19
Chris Martinez,2003-11-11,true,+443550240472,75684.45
Sarah Harris,1989-07-10,false,+444303163098,81920.38
Michael Moore,2005-04-15,true,+499922870921,42502.93
Jennifer Moore,1992-05-30,false,+14548265324,34475.49
Jane Clark,1991-10-29,true,+493335157709,113951.42
Lisa Clark,1984-12-28,true,(485) 008-5085,60357.47
Matthew Thompson,1999-09-03,true,+491573789514,85583.83
Emily Martin,1995-02-01,false,(690) 188-2620,62614.33
Andrew Garcia,2005-11-19,false,429-730-7995,113949.22
Michael Davis,1995-10-26,true,(431) 728-4572,70669.15
Chris Davis,1996-03-10,true,+496435252986,113840.95
Olivia Thompson,2001-10-21,true,+448544219093,64506.85
Jennifer Martinez,1975-10-04,true,+3808782876444,85013.99
Emily Lewis,2004-10-01,false,+441785185378,73871.79
Sophia White,1988-04-13,false,+18575207396,100998.62
Sophia Garcia,2004-07-26,false,+445765108086,115548.17
Ava Smith,2004-06-29,true,633-793-3360,37836.93
Jane Doe,1978-09-05,false,+616604277715,70368.19
Anna Brown,1978-09-01,true,(197) 691-7288,76681.21
Anna Garcia,1985-01-22,true,+495797899415,73534.40
William Garcia,1983-11-14,true,(625) 525-9649,101023.31
Chris Garcia,1988-04-16,true,+611466361629,99401.66
Daniel Anderson,1980-08-18,false,+495018758525,86950.61
Matthew Davis,1987-04-05,false,+494270444094,45384.14
Matthew Clark,1976-03-24,false,(289) 654-0977,103142.38
Jennifer Anderson,2003-02-06,false,(402) 367-4901,41573.86
Daniel Martinez,1980-11-05,true,+498173264745,76651.99
Matthew Jackson,1988-07-11,true,(768) 078-2600,46010.29
Joshua Walker,1980-04-29,true,+493403746968,94277.98
John Martinez,1997-12-22,true,(832) 500-5918,43221.11
Laura Clark,2001-07-08,true,+17530710602,108535.75
David Garcia,1986-04-20,true,745-824-3756,116216.06
Joshua Davis,1987-07-18,true,+19192509603,95124.75
Robert Clark,1978-12-05,false,+447472600693,78992.21
Jane Moore,1980-06-30,false,+16766982227,53324.52
James Martinez,1993-05-03,true,(236) 676-0701,37046.95
Ava Martin,1987-11-12,true,+3808834712723,106131.31
Daniel Brown,1984-04-13,false,+3809828205687,83061.27
William Lewis,1990-08-14,false,(448) 988-6053,89450.84
Jennifer Garcia,1994-05-23,false,+3805235190391,86718.35
Sarah Smith,1985-05-02,false,+491856255866,55158.44
Matthew Davis,2002-08-27,false,+493907657669,84052.40
Emma Clark,1980-05-04,false,(275) 490-9818,45005.86
John Taylor,1981-07-09,true,+3807253714824,74644.70
James White,1978-11-22,true,+614059274974,108213.90
Jennifer Taylor,1981-03-05,false,+3803321179523,104740.61
David Wilson,1989-10-02,false,+11406424390,58924.85
William Moore,1980-12-05,false,+611848750915,96001.15
Andrew Anderson,2003-05-24,false,+449665377023,56207.77
Robert Lewis,2003-07-17,true,+3809908700746,85145.35
Robert Thompson,1987-07-09,false,+443729511968,51622.75
Olivia Anderson,1984-07-26,false,+498975233061,109510.33
Olivia Martinez,1990-06-15,false,(759) 359-7600,118271.72
Olivia Doe,1992-08-16,true,(377) 242-1735,51211.55
Laura Walker,1986-04-22,true,+617404867420,74852.41
Ava Martinez,1995-03-11,true,+3806074763772,33796.30
Anna Martin,1992-10-12,true,+3805013626088,119301.13
Laura Anderson,1990-05-19,true,+3802814091247,93715.91
William White,1990-08-12,true,+496687639280,32430.33
Lisa White,1982-01-08,true,642-863-7571,78738.74
Emily Wilson,1975-09-27,true,+619837604073,91764.61
William Taylor,2005-08-28,false,+443456171160,60013.83
Jane Thompson,1995-01-30,false,(142) 241-2539,46763.20
Sarah Anderson,1975-04-18,true,+614930618231,106271.86
Robert White,1980-09-10,true,+3805564742380,65792.05
Sarah Doe,1981-01-08,false,+442917909438,57661.69
Jane Martin,1988-02-28,false,+614084305276,118094.38
Chris Brown,2001-11-16,false,+16865964597,52014.98
Robert Moore,1995-05-25,false,+11728842367,115668.62
Anna Jackson,1981-01-06,false,+18640436246,33134.28
Anna Harris,1980-11-04,false,971-287-8216,109934.72
David Garcia,1989-08-14,false,+496505503731,47180.01
Jennifer Doe,1991-09-10,false,549-236-4264,50083.60
Emily Smith,1980-01-30,false,+17275538146,36420.58
Olivia Thompson,1988-11-19,false,+448378881420,62174.19
Olivia Walker,1994-03-01,false,+441867938723,111204.92
Jane Clark,1995-03-31,true,+3801828726075,37904.46
Laura Garcia,1989-05-21,false,+447087556874,39113.64
Andrew Thompson,1997-01-13,false,+3807733805485,113119.83
Matthew Thomas,2005-06-27,true,+492969118103,72084.12
Laura Thompson,2000-02-07,false,+612687540122,74986.85
David Thomas,1990-05-19,false,343-394-0654,31163.79
Ava Brown,2002-02-18,true,+13708005956,55784.12
Joshua White,1997-09-28,false,+3808058526571,36709.46
Matthew Davis,1992-02-08,true,764-841-6626,68554.27
Joshua Thomas,1998-06-25,false,+444575301615,98236.92
Laura Moore,2002-09-22,false,849-092-7274,41169.58
Andrew Doe,1983-06-08,false,+446915302394,40848.58
Jane Brown,1980-07-16,true,954-164-8530,45615.03
Laura Smith,1992-10-21,false,(991) 652-4695,53035.81
Jane Smith,1989-09-18,true,+497685746590,115729.91
Andrew Smith,2001-03-29,true,+448334421161,62684.53
Emma Walker,1975-08-24,true,+495825424853,44970.18
Sophia Harris,1996-10-12,false,+3809994004531,88240.78
Anna Smith,2000-11-27,false,+492999453570,85256.61
Emily Martinez,2002-08-27,true,+15729905040,93495.96
Emma White,1991-04-04,false,+617905842147,89573.31
Andrew Thompson,1986-12-01,false,+613653207541,109002.85
Laura Johnson,2003-12-26,true,+444024698262,35477.49
David Johnson,1989-01-27,true,+3806025072217,62106.40
Sophia Johnson,1986-01-21,false,+448327167860,99729.42
Emily Lewis,1984-05-06,true,+444636356200,89934.20
Sarah Harris,1997-08-22,false,940-855-5575,78704.04
William Brown,1977-09-04,true,+499084842509,102840.24
Emily Martin,2001-08-20,false,+3806828729970,115606.48
Daniel Harris,1985-07-22,false,+498434043314,56685.83
Daniel Doe,2000-06-08,false,(264) 216-3214,76090.49
Ava Doe,1999-05-12,false,(704) 753-1189,46680.21
Jennifer Smith,1986-01-24,true,+17121592516,33639.56
Anna Walker,1980-02-08,true,+612741428836,33047.24
Robert Walker,2002-01-03,true,+443379230394,96719.14
John White,1993-02-23,false,(170) 516-6945,109275.51
David Johnson,1990-07-08,false,(407) 664-7659,55994.88
David Lewis,1986-08-19,true,+616568453404,90901.54
Daniel Harris,1993-02-09,false,+13793740203,75417.35
John Martin,1991-06-08,true,(731) 847-9257,39763.61
William Anderson,2002-06-20,false,+616745005860,57938.63
Ava Johnson,1977-08-11,false,737-496-2519,76816.20
Matthew Harris,1996-11-09,false,246-706-3400,77420.74
Daniel Clark,1994-10-15,false,(903) 439-8195,96233.23
John Jackson,1999-09-08,true,895-213-4580,98624.17
Sarah Walker,1979-02-13,false,+495424457254,49567.18
Lisa Martinez,1985-06-18,true,+497157448486,55437.64
Jane Brown,1998-01-26,false,+617978981274,37357.04
Ava Walker,1990-07-15,true,+443357186034,83877.04
Ava Thomas,1998-07-01,true,+13790479599,92209.73
Matthew Lewis,1993-01-19,true,+614960545060,86055.65
Michael White,1976-04-26,true,701-096-9138,78225.32
David Thompson,2005-12-12,false,+446410652374,84072.80
Andrew Anderson,2000-01-25,false,+441242984184,95969.29
Sophia Walker,2005-05-01,false,+449358508558,50826.42
Emily Walker,2005-01-30,true,+3809856183307,116741.58
Emma Thompson,2000-02-12,true,+447313615888,96598.59
Lisa Taylor,1995-08-30,false,+3801123661472,117309.69
Jennifer Johnson,1998-01-30,false,+497444346019,44893.97
Anna Smith,2004-09-30,true,(466) 601-8386,80725.39
Emily Johnson,2000-01-18,false,+3808268955257,33691.14
Jane Thomas,1999-04-04,false,(746) 321-9183,77231.36
William Moore,1976-12-02,false,553-143-0990,96985.32
Emily Thomas,2004-01-29,false,+445489504352,32029.88
Olivia Walker,1993-07-18,false,(715) 164-5353,64586.24
Ava Martin,1996-08-22,true,(850) 102-8901,65468.53
Daniel Garcia,1991-07-04,false,251-792-8670,94827.56
Emily Brown,1979-11-16,true,260-909-1764,72632.46
Matthew Martinez,2001-05-23,true,+497609039208,85396.25
Lisa Thomas,1990-09-13,false,+14221033918,76735.23
Michael Jackson,1994-12-20,false,+497521140863,68447.79
Anna Wilson,2001-11-06,false,+615406760318,105385.72
Anna Garcia,1980-06-18,true,+447776120189,98859.69
David White,1991-05-02,true,+3802076216050,38806.23
Joshua Johnson,1978-05-02,false,+491117365218,100320.45
William Thompson,1987-09-25,true,+611325587772,75691.91
Michael Garcia,1996-11-02,false,+612239177649,71753.59
Chris White,1992-01-26,false,+496946750020,31577.44
Daniel Walker,1993-11-03,false,+15840152331,45869.21
Jennifer Jackson,1990-06-21,false,+613092459082,36569.08
James Smith,2001-10-19,false,+3802369246479,102299.01
William Garcia,1995-03-20,true,+499142907971,103124.99
Ava Lewis,1977-05-31,false,+613821485427,113786.24
Emma Garcia,1992-01-21,false,+3802613001122,119570.05
Ava Taylor,2001-07-14,true,+3801896466159,74694.64
Robert Lewis,2001-06-04,false,+3804604440754,87549.69
Jennifer White,1992-10-07,false,+449989684481,99492.78
Ava Taylor,1984-07-31,true,+444754009756,53844.19
Sophia Moore,1988-03-05,true,+3807502093016,92046.89
Laura Thomas,1985-11-17,true,+493529556893,79575.91
Daniel Johnson,1980-08-21,true,103-817-7174,33735.30
Robert Lewis,2001-08-27,false,+615176165018,78104.62
Emma Garcia,1992-12-24,true,(162) 108-6160,93619.03
Lisa Brown,1990-03-08,false,+497921950933,61014.11
Sarah Clark,2002-11-03,false,+493460672520,96667.58
Matthew Wilson,1998-02-19,true,557-094-8062,51691.38
Sophia Johnson,2002-12-26,true,+3809576333499,108822.21
Jennifer Moore,2000-02-01,false,+446390755925,40590.66
Olivia Moore,1984-11-24,false,502-610-2104,66903.21
Daniel Moore,1996-04-30,false,+441611857795,112770.77
James Taylor,1979-06-21,false,+495033056385,74284.08
Jane Walker,2002-05-18,false,+14397092046,35769.84
Sarah Thomas,1996-11-06,true,+619998076762,89041.39
Emma Lewis,1975-06-12,true,+612121114866,79503.94
James Martinez,1989-08-29,true,(130) 987-8418,66510.93
Matthew Doe,2002-04-01,false,+493699763325,90487.29
Anna White,2000-08-31,true,+496257020272,108621.50
Joshua Jackson,1977-11-05,true,(527) 254-6323,53996.95
James Lewis,2005-12-27,false,+3804809394802,117371.41
David Wilson,1988-02-05,false,(112) 378-8300,100502.11
Chris White,1976-07-13,false,+616969389774,45411.17
Jane Martin,1995-09-12,true,+496339564664,63270.79
Michael Martin,1988-02-03,false,745-245-4366,34730.54
Michael Lewis,2004-09-26,false,144-092-4080,119473.08
Anna Martin,1979-04-17,false,+3802811657568,116897.08
Lisa Lewis,1978-10-19,true,(339) 885-9877,82394.88
Olivia Clark,2005-05-26,false,(405) 278-1184,74536.69
Emily Harris,2003-05-31,false,(497) 596-9964,117548.68
Michael Lewis,2005-04-28,true,+616265176824,99548.32
